{"cameraMode":{"drawMode":0,"name":"Shaded","section":"Shading Mode"},"sceneLighting":true,"audioPlay":false,"sceneViewState":{"m_AlwaysRefresh":false,"showFog":true,"showSkybox":true,"showFlares":true,"showImageEffects":true,"showParticleSystems":true,"showVisualEffectGraphs":true,"m_FxEnabled":true},"in2DMode":false,"pivot":{"x":0.8093825578689575,"y":-0.5579495429992676,"z":-6.325060844421387},"rotation":{"x":0.006818271707743406,"y":0.9926402568817139,"z":-0.10040781646966934,"w":0.06740531325340271},"size":5.636420249938965,"orthographic":false}